<annotation>
	<folder>who</folder>
	<filename>who.c2d8ecda-bc8c-11ee-9176-c117c6a84c10.jpg</filename>
	<path>C:\Ankita_asl_words\TFODCourse\Tensorflow\workspace\images\collectedimages\who\who.c2d8ecda-bc8c-11ee-9176-c117c6a84c10.jpg</path>
	<source>
		<database>Unknown</database>
	</source>
	<size>
		<width>640</width>
		<height>480</height>
		<depth>3</depth>
	</size>
	<segmented>0</segmented>
	<object>
		<name>who</name>
		<pose>Unspecified</pose>
		<truncated>0</truncated>
		<difficult>0</difficult>
		<bndbox>
			<xmin>329</xmin>
			<ymin>273</ymin>
			<xmax>511</xmax>
			<ymax>423</ymax>
		</bndbox>
	</object>
</annotation>
