<annotation>
	<folder>house</folder>
	<filename>house.21dc5272-bc8d-11ee-8bbc-c117c6a84c10.jpg</filename>
	<path>C:\Ankita_asl_words\TFODCourse\Tensorflow\workspace\images\collectedimages\house\house.21dc5272-bc8d-11ee-8bbc-c117c6a84c10.jpg</path>
	<source>
		<database>Unknown</database>
	</source>
	<size>
		<width>640</width>
		<height>480</height>
		<depth>3</depth>
	</size>
	<segmented>0</segmented>
	<object>
		<name>house</name>
		<pose>Unspecified</pose>
		<truncated>0</truncated>
		<difficult>0</difficult>
		<bndbox>
			<xmin>101</xmin>
			<ymin>246</ymin>
			<xmax>558</xmax>
			<ymax>458</ymax>
		</bndbox>
	</object>
</annotation>
