<annotation>
	<folder>how</folder>
	<filename>how.e6da6011-bc8c-11ee-8927-c117c6a84c10.jpg</filename>
	<path>C:\Ankita_asl_words\TFODCourse\Tensorflow\workspace\images\collectedimages\how\how.e6da6011-bc8c-11ee-8927-c117c6a84c10.jpg</path>
	<source>
		<database>Unknown</database>
	</source>
	<size>
		<width>640</width>
		<height>480</height>
		<depth>3</depth>
	</size>
	<segmented>0</segmented>
	<object>
		<name>how</name>
		<pose>Unspecified</pose>
		<truncated>0</truncated>
		<difficult>0</difficult>
		<bndbox>
			<xmin>110</xmin>
			<ymin>307</ymin>
			<xmax>476</xmax>
			<ymax>457</ymax>
		</bndbox>
	</object>
</annotation>
