<annotation>
	<folder>yes</folder>
	<filename>yes.6bcb5a4b-bb53-11ee-8199-2cdb079ec43c.jpg</filename>
	<path>D:\Projects\TFODCourse\Tensorflow\workspace\images\collectedimages\yes\yes.6bcb5a4b-bb53-11ee-8199-2cdb079ec43c.jpg</path>
	<source>
		<database>Unknown</database>
	</source>
	<size>
		<width>640</width>
		<height>480</height>
		<depth>3</depth>
	</size>
	<segmented>0</segmented>
	<object>
		<name>Yes</name>
		<pose>Unspecified</pose>
		<truncated>0</truncated>
		<difficult>0</difficult>
		<bndbox>
			<xmin>168</xmin>
			<ymin>325</ymin>
			<xmax>297</xmax>
			<ymax>436</ymax>
		</bndbox>
	</object>
</annotation>
