<annotation>
	<folder>yes</folder>
	<filename>yes.86c888f3-bb53-11ee-b635-2cdb079ec43c.jpg</filename>
	<path>D:\Projects\TFODCourse\Tensorflow\workspace\images\collectedimages\yes\yes.86c888f3-bb53-11ee-b635-2cdb079ec43c.jpg</path>
	<source>
		<database>Unknown</database>
	</source>
	<size>
		<width>640</width>
		<height>480</height>
		<depth>3</depth>
	</size>
	<segmented>0</segmented>
	<object>
		<name>Yes</name>
		<pose>Unspecified</pose>
		<truncated>0</truncated>
		<difficult>0</difficult>
		<bndbox>
			<xmin>444</xmin>
			<ymin>344</ymin>
			<xmax>562</xmax>
			<ymax>414</ymax>
		</bndbox>
	</object>
</annotation>
