<annotation>
	<folder>yes</folder>
	<filename>yes.68ceac34-bb53-11ee-9ec7-2cdb079ec43c.jpg</filename>
	<path>D:\Projects\TFODCourse\Tensorflow\workspace\images\collectedimages\yes\yes.68ceac34-bb53-11ee-9ec7-2cdb079ec43c.jpg</path>
	<source>
		<database>Unknown</database>
	</source>
	<size>
		<width>640</width>
		<height>480</height>
		<depth>3</depth>
	</size>
	<segmented>0</segmented>
	<object>
		<name>Yes</name>
		<pose>Unspecified</pose>
		<truncated>0</truncated>
		<difficult>0</difficult>
		<bndbox>
			<xmin>162</xmin>
			<ymin>346</ymin>
			<xmax>296</xmax>
			<ymax>447</ymax>
		</bndbox>
	</object>
</annotation>
