<annotation>
	<folder>yes</folder>
	<filename>yes.98b42ad4-bb53-11ee-80d1-2cdb079ec43c.jpg</filename>
	<path>D:\Projects\TFODCourse\Tensorflow\workspace\images\collectedimages\yes\yes.98b42ad4-bb53-11ee-80d1-2cdb079ec43c.jpg</path>
	<source>
		<database>Unknown</database>
	</source>
	<size>
		<width>640</width>
		<height>480</height>
		<depth>3</depth>
	</size>
	<segmented>0</segmented>
	<object>
		<name>Yes</name>
		<pose>Unspecified</pose>
		<truncated>0</truncated>
		<difficult>0</difficult>
		<bndbox>
			<xmin>177</xmin>
			<ymin>321</ymin>
			<xmax>306</xmax>
			<ymax>407</ymax>
		</bndbox>
	</object>
</annotation>
