<annotation>
	<folder>fine</folder>
	<filename>fine.447a87cb-bb54-11ee-8327-2cdb079ec43c.jpg</filename>
	<path>D:\Projects\TFODCourse\Tensorflow\workspace\images\collectedimages\fine\fine.447a87cb-bb54-11ee-8327-2cdb079ec43c.jpg</path>
	<source>
		<database>Unknown</database>
	</source>
	<size>
		<width>640</width>
		<height>480</height>
		<depth>3</depth>
	</size>
	<segmented>0</segmented>
	<object>
		<name>Fine</name>
		<pose>Unspecified</pose>
		<truncated>0</truncated>
		<difficult>0</difficult>
		<bndbox>
			<xmin>307</xmin>
			<ymin>317</ymin>
			<xmax>443</xmax>
			<ymax>478</ymax>
		</bndbox>
	</object>
</annotation>
