<annotation>
	<folder>fine</folder>
	<filename>fine.4d71d1f8-bb54-11ee-96c3-2cdb079ec43c.jpg</filename>
	<path>D:\Projects\TFODCourse\Tensorflow\workspace\images\collectedimages\fine\fine.4d71d1f8-bb54-11ee-96c3-2cdb079ec43c.jpg</path>
	<source>
		<database>Unknown</database>
	</source>
	<size>
		<width>640</width>
		<height>480</height>
		<depth>3</depth>
	</size>
	<segmented>0</segmented>
	<object>
		<name>Fine</name>
		<pose>Unspecified</pose>
		<truncated>0</truncated>
		<difficult>0</difficult>
		<bndbox>
			<xmin>284</xmin>
			<ymin>273</ymin>
			<xmax>371</xmax>
			<ymax>469</ymax>
		</bndbox>
	</object>
</annotation>
