<annotation>
	<folder>thankyou</folder>
	<filename>thankyou.521d5b7f-bb53-11ee-a283-2cdb079ec43c.jpg</filename>
	<path>D:\Projects\TFODCourse\Tensorflow\workspace\images\collectedimages\thankyou\thankyou.521d5b7f-bb53-11ee-a283-2cdb079ec43c.jpg</path>
	<source>
		<database>Unknown</database>
	</source>
	<size>
		<width>640</width>
		<height>480</height>
		<depth>3</depth>
	</size>
	<segmented>0</segmented>
	<object>
		<name>Thankyou</name>
		<pose>Unspecified</pose>
		<truncated>0</truncated>
		<difficult>0</difficult>
		<bndbox>
			<xmin>207</xmin>
			<ymin>334</ymin>
			<xmax>532</xmax>
			<ymax>478</ymax>
		</bndbox>
	</object>
</annotation>
