<annotation>
	<folder>thankyou</folder>
	<filename>thankyou.312f33c5-bb53-11ee-a6b3-2cdb079ec43c.jpg</filename>
	<path>D:\Projects\TFODCourse\Tensorflow\workspace\images\collectedimages\thankyou\thankyou.312f33c5-bb53-11ee-a6b3-2cdb079ec43c.jpg</path>
	<source>
		<database>Unknown</database>
	</source>
	<size>
		<width>640</width>
		<height>480</height>
		<depth>3</depth>
	</size>
	<segmented>0</segmented>
	<object>
		<name>Thankyou</name>
		<pose>Unspecified</pose>
		<truncated>0</truncated>
		<difficult>0</difficult>
		<bndbox>
			<xmin>260</xmin>
			<ymin>329</ymin>
			<xmax>400</xmax>
			<ymax>471</ymax>
		</bndbox>
	</object>
</annotation>
