<annotation>
	<folder>hello</folder>
	<filename>hello.ea18a0df-bb52-11ee-be90-2cdb079ec43c.jpg</filename>
	<path>D:\Projects\TFODCourse\Tensorflow\workspace\images\collectedimages\hello\hello.ea18a0df-bb52-11ee-be90-2cdb079ec43c.jpg</path>
	<source>
		<database>Unknown</database>
	</source>
	<size>
		<width>640</width>
		<height>480</height>
		<depth>3</depth>
	</size>
	<segmented>0</segmented>
	<object>
		<name>Hello</name>
		<pose>Unspecified</pose>
		<truncated>0</truncated>
		<difficult>0</difficult>
		<bndbox>
			<xmin>139</xmin>
			<ymin>257</ymin>
			<xmax>275</xmax>
			<ymax>401</ymax>
		</bndbox>
	</object>
</annotation>
