<annotation>
	<folder>hello</folder>
	<filename>hello.b6f12bd6-bb52-11ee-b61d-2cdb079ec43c.jpg</filename>
	<path>D:\Projects\TFODCourse\Tensorflow\workspace\images\collectedimages\hello\hello.b6f12bd6-bb52-11ee-b61d-2cdb079ec43c.jpg</path>
	<source>
		<database>Unknown</database>
	</source>
	<size>
		<width>640</width>
		<height>480</height>
		<depth>3</depth>
	</size>
	<segmented>0</segmented>
	<object>
		<name>Hello</name>
		<pose>Unspecified</pose>
		<truncated>0</truncated>
		<difficult>0</difficult>
		<bndbox>
			<xmin>137</xmin>
			<ymin>214</ymin>
			<xmax>288</xmax>
			<ymax>329</ymax>
		</bndbox>
	</object>
</annotation>
