<annotation>
	<folder>no</folder>
	<filename>no.15b4698f-bb54-11ee-a946-2cdb079ec43c.jpg</filename>
	<path>D:\Projects\TFODCourse\Tensorflow\workspace\images\collectedimages\no\no.15b4698f-bb54-11ee-a946-2cdb079ec43c.jpg</path>
	<source>
		<database>Unknown</database>
	</source>
	<size>
		<width>640</width>
		<height>480</height>
		<depth>3</depth>
	</size>
	<segmented>0</segmented>
	<object>
		<name>No</name>
		<pose>Unspecified</pose>
		<truncated>0</truncated>
		<difficult>0</difficult>
		<bndbox>
			<xmin>115</xmin>
			<ymin>251</ymin>
			<xmax>298</xmax>
			<ymax>372</ymax>
		</bndbox>
	</object>
</annotation>
