<annotation>
	<folder>food</folder>
	<filename>food.7128d809-bc8c-11ee-8f2b-c117c6a84c10.jpg</filename>
	<path>C:\Ankita_asl_words\TFODCourse\Tensorflow\workspace\images\collectedimages\food\food.7128d809-bc8c-11ee-8f2b-c117c6a84c10.jpg</path>
	<source>
		<database>Unknown</database>
	</source>
	<size>
		<width>640</width>
		<height>480</height>
		<depth>3</depth>
	</size>
	<segmented>0</segmented>
	<object>
		<name>food</name>
		<pose>Unspecified</pose>
		<truncated>0</truncated>
		<difficult>0</difficult>
		<bndbox>
			<xmin>119</xmin>
			<ymin>224</ymin>
			<xmax>289</xmax>
			<ymax>401</ymax>
		</bndbox>
	</object>
</annotation>
